<?xml version="1.0" encoding="UTF-8" ?>
<MESSAGE>
    <DATASET name="WA_COMMON_010017" rmk="数据文件索引信息">
        <DATA>
            <DATASET name="WA_COMMON_010013" rmk="BCP文件格式信息">
                <DATA>
                    <ITEM key="J010024" val="\t" rmk="列分隔符（缺少值时默认为制表符\t）" />
                    <ITEM key="J010025" val="\n" rmk="行分隔符（缺少值时默认为换行符\n）" />
                    <ITEM key="A010004" val="WA_SOURCE_FJ_1001" rmk="数据集代码" />
                    <ITEM key="B050016" val="146" rmk="数据来源" />
                    <ITEM key="F010008" val="330200" rmk="数据采集地" />
                    <ITEM key="G020013" val="101137049" rmk="网安专用产品厂家组织机构代码" />
                    <ITEM key="J010027" val="1" rmk="数据起始行，可选项，不填写默认为第１行" />
                    <ITEM key="J010028" val="utf-8" rmk="可选项，默认为utf-8，BCP文件编码格式（采用不带格式的编码方式，如：utf-8无BOM）" />
                    <DATASET name="WA_COMMON_010015" rmk="BCP文件数据结构">
                        <DATA>
                            <ITEM key="C040002" eng="MAC"/>
                            <ITEM key="C010002" eng="BRAND"/>
                            <ITEM key="F030021" eng="CACHE_SSID"/>
                            <ITEM key="I070003" eng="TERMINAL_FIELD STRENGTH"/>
                            <ITEM key="B040001" eng="IDENTIFICATION_TYPE"/>
                            <ITEM key="B040002" eng="CERTIFICATE_CODE"/>
                            <ITEM key="I070005" eng="SSID_POSITION"/>
                            <ITEM key="I070006" eng="ACCESS_AP_MAC"/>
                            <ITEM key="I070007" eng="ACCESS_AP_CHANNEL"/>
                            <ITEM key="I070008" eng="ACCESS_AP_ENCRYPTION_TYPE"/>
                            <ITEM key="I070001" eng="X_COORDINATE"/>
                            <ITEM key="I070002" eng="Y_COORDINATE"/>
                            <ITEM key="G020004" eng="NETBAR_WACODE"/>
                            <ITEM key="I070011" eng="COLLECTION_EQUIPMENT_ID"/>
                            <ITEM key="F010018" eng="COLLECTION_EQUIPMENT_LONGITUDE"/>
                            <ITEM key="F010019" eng="COLLECTION_EQUIPMENT_LATITUDE"/>
                            <ITEM key="B050012" eng="FIRST_TIME"/>
                            <ITEM key="B050014" eng="LAST_TIME"/>
			</DATA>
                    </DATASET>
<DATASET name="WA_COMMON_010014" rmk="BCP数据文件信息">
<DATA>
<ITEM key="H040003" val="" rmk="文件路径" />
<ITEM key="H010020" val="146-330200-1537902821-00157-WA_SOURCE_FJ_1001-0.bcp" rmk="文件名" />
<ITEM key="J010026" val="192" rmk="记录行数" />
</DATA>
</DATASET>
</DATA>
</DATASET>
</DATA>
</DATASET>
</MESSAGE>
